ci,duration_hr,operational_only_g,embodied_prioritized_g,penalty_pct,embodied_wins
50,1.0,57.281813,64.06785200000002,11.846760157539036,False
50,4.0,229.12725399999997,256.27140700000007,11.846758744815276,False
100,1.0,57.281813,64.06785200000002,11.846760157539036,False
100,4.0,229.12725399999997,256.27140700000007,11.846758744815276,False
200,1.0,57.281813,64.06785200000002,11.846760157539036,False
200,4.0,229.12725399999997,256.27140700000007,11.846758744815276,False
535,1.0,57.281813,64.06785200000002,11.846760157539036,False
535,4.0,229.12725399999997,256.27140700000007,11.846758744815276,False
