degradation_rate,degradation_pct,new_power_w,old_power_w,power_penalty_w,power_penalty_pct,operational_penalty_g,embodied_savings_g,net_penalty_g,penalty_pct,embodied_wins,duration_s,ci,total_new_g,total_old_g
0.05,5.0,66.625,78.0,11.375,17.073170731707318,29.210999999999956,42.162902121834364,-12.951902121834394,-5.748673561084638,True,14400,535,225.30244558521562,212.35054346338123
0.1,10.0,68.25,91.0,22.75,33.33333333333333,58.42199999999997,42.162902121834364,16.25909787816562,7.085332305032091,False,14400,535,229.4754455852156,245.73454346338121
0.15,15.0,69.875,104.0,34.125,48.837209302325576,87.63299999999998,42.162902121834364,45.4700978781656,19.46090322333511,False,14400,535,233.64844558521563,279.11854346338123
0.2,20.0,71.5,104.0,32.5,45.45454545454545,83.46000000000001,42.162902121834364,41.29709787816563,17.364749329710115,False,14400,535,237.8214455852156,279.11854346338123
0.25,25.0,73.125,104.0,30.875,42.22222222222222,79.28700000000003,42.162902121834364,37.12409787816566,15.340888419314084,False,14400,535,241.99444558521557,279.11854346338123
0.3,30.0,74.75,104.0,29.25,39.130434782608695,75.114,42.162902121834364,32.951097878165626,13.38564398709616,False,14400,535,246.1674455852156,279.11854346338123
