region,mean,std
Eastern,0.000318,
Northern,0.000359,
Southern,0.000344,2.4041630560342607e-05
Western,0.000375,
